DAY,YEAR,genus,specificEpithet,eventRemarks,LON,LAT,site_id
118,2023,Morus,rubra,Ripe fruits,-89.963806,30.033796,1
111,2023,Morus,rubra,Ripe fruits,-89.963806,30.033796,1
41,2023,Morus,rubra,Ripe fruits,-89.963806,30.033796,1
104,2023,Morus,rubra,Ripe fruits,-89.963806,30.033796,1
61,2023,Morus,rubra,Ripe fruits,-89.963806,30.033796,1
69,2023,Morus,rubra,Ripe fruits,-89.963806,30.033796,1
76,2023,Morus,rubra,Ripe fruits,-89.963806,30.033796,1
198,2022,Morus,rubra,Ripe fruits,-95.905975,41.203037,2
174,1952,Morus,sp,Ripe fruits,19.0833,42.1,3
127,2023,Morus,,Ripe fruits,-76.265717,36.957642,1767144
121,2023,Morus,macroura,Ripe fruits,34.80706242,32.06507473,1826531
121,2023,Morus,,Ripe fruits,-82.388446,34.846351,1826627
119,2023,Morus,,Ripe fruits,114.6208944,-28.79743147,1826470
111,2023,Morus,rubra,Ripe fruits,34.8212925,32.0683813,1826211
98,2023,Morus,,Ripe fruits,-90.08211,30.01113,1825857
97,2023,Morus,alba,Ripe fruits,-90.094024,30.001993,1825855
96,2023,Morus,,Ripe fruits,-90.094394,30.000831,1825856
94,2023,Morus,nigra,Ripe fruits,-81.095816,32.074908,1825702
74,2023,Morus,alba,Ripe fruits,-95.564723,29.655493,1825257
74,2023,Morus,nigra,Ripe fruits,-95.655182,29.66283,1825256
32,2023,Morus,,Ripe fruits,147.1184001,-41.39955481,1824670
339,2022,Morus,,Ripe fruits,144.9671294,-37.694853,1823989
336,2022,Morus,alba,Ripe fruits,144.962596,-37.69813119,1823957
336,2022,Morus,rubra,Ripe fruits,144.964392,-37.69737506,1823960
330,2022,Morus,nigra,Ripe fruits,144.994278,-37.771127,1823856
321,2022,Morus,nigra,Ripe fruits,150.9285095,-34.31213354,1823729
314,2022,Morus,nigra,Ripe fruits,151.013985,-33.903893,1826706
310,2022,Morus,nigra,Ripe fruits,151.1058954,-33.93213056,1823402
291,2022,Morus,nigra,Ripe fruits,151.7564862,-32.9049548,1823102
291,2022,Morus,nigra,Ripe fruits,151.7460028,-32.90418614,1823103
291,2022,Morus,nigra,Ripe fruits,-76.300449,37.018974,1823115
290,2022,Morus,,Ripe fruits,-1.403647,48.106494,1823045
290,2022,Morus,,Ripe fruits,-1.382892,48.105436,1823046
286,2022,Morus,nigra,Ripe fruits,151.1056206,-33.91953739,1822939
283,2022,Morus,,Ripe fruits,150.886584,-34.42864,1823082
268,2022,Morus,nigra,Ripe fruits,115.7744058,-32.0780207,1822311
267,2022,Morus,,Ripe fruits,-40.303911,-20.273811,1822468
264,2022,Morus,alba,Ripe fruits,-40.28616117,-20.27171574,1822228
264,2022,Morus,alba,Ripe fruits,-40.28616117,-20.27171574,1822227
264,2022,Morus,alba,Ripe fruits,-40.28616117,-20.27171574,1822226
232,2022,Morus,,Ripe fruits,-89.508035,43.036707,1821966
220,2022,Morus,nigra,Ripe fruits,-2.31849,51.405563,1764292
220,2022,Morus,,Ripe fruits,-87.725297,41.454646,1822488
220,2022,Morus,,Ripe fruits,-0.008089,51.48228,1826788
215,2022,Morus,,Ripe fruits,-85.418907,41.654191,1813899
205,2022,Morus,,Ripe fruits,-83.068231,42.335226,1813422
204,2022,Morus,nigra,Ripe fruits,-74.02571386,41.43947358,1813382
204,2022,Morus,alba,Ripe fruits,-79.971015,43.271359,1813377
203,2022,Morus,,Ripe fruits,144.9706155,-37.70019144,1813341
202,2022,Morus,,Ripe fruits,-83.590206,42.245776,1813466
201,2022,Morus,,Ripe fruits,-79.699795,43.705732,1813444
200,2022,Morus,,Ripe fruits,-73.573966,45.56901,1813258
200,2022,Morus,alba,Ripe fruits,-87.56208888,41.75892318,1813257
200,2022,Morus,alba,Ripe fruits,-87.56291725,41.7574296,1813256
199,2022,Morus,alba,Ripe fruits,-70.187107,42.052497,1813210
198,2022,Morus,nigra,Ripe fruits,-71.15395547,42.35951062,1813172
197,2022,Morus,nigra,Ripe fruits,-93.12540838,45.01637692,1813167
196,2022,Morus,,Ripe fruits,-87.687242,41.992651,1813181
195,2022,Morus,alba,Ripe fruits,19.461329,51.780477,1813458
191,2022,Morus,nigra,Ripe fruits,-93.133593,44.919731,1813208
191,2022,Morus,nigra,Ripe fruits,-77.59058468,43.16178884,1813026
190,2022,Morus,nigra,Ripe fruits,-86.22175848,43.05600573,1813002
190,2022,Morus,,Ripe fruits,-95.97151995,36.15177152,665972
190,2022,Morus,rubra,Ripe fruits,-93.29579305,44.95519173,1812998
189,2022,Morus,alba 'Laciniata',Ripe fruits,-88.00828504,41.97748152,1812971
189,2022,Morus,alba 'Laciniata',Ripe fruits,-88.00828504,41.97748152,1812972
189,2022,Morus,alba,Ripe fruits,-72.92000844,41.304538,1812995
188,2022,Morus,nigra,Ripe fruits,-77.360292,39.480337,1813106
188,2022,Morus,,Ripe fruits,-71.12336397,42.40898141,1524243
187,2022,Morus,nigra,Ripe fruits,-88.0032659,41.9617146,1812932
187,2022,Morus,,Ripe fruits,-87.72495175,41.96466291,1812942
186,2022,Morus,nigra,Ripe fruits,-84.54976752,42.74628056,1774424
186,2022,Morus,,Ripe fruits,-91.648701,42.001606,1812904
186,2022,Morus,,Ripe fruits,-89.42538633,43.08555334,1812910
186,2022,Morus,nigra,Ripe fruits,-82.210404,42.405148,1813387
185,2022,Morus,,Ripe fruits,-74.282693,40.565409,1812875
185,2022,Morus,alba,Ripe fruits,-85.13693002,42.27351099,1812859
185,2022,Morus,alba,Ripe fruits,-85.13556194,42.27376021,1812861
184,2022,Morus,nigra,Ripe fruits,-87.71151456,41.9211903,1774986
184,2022,Morus,,Ripe fruits,-90.23902224,38.57880366,1812803
184,2022,Morus,nigra,Ripe fruits,-81.82784816,43.0741747,1812825
184,2022,Morus,,Ripe fruits,-94.769778,36.573073,1812834
183,2022,Morus,nigra,Ripe fruits,-77.61545683,43.14049157,1758001
182,2022,Morus,,Ripe fruits,-87.822853,41.897445,1812757
182,2022,Morus,nigra,Ripe fruits,-82.98782442,42.5759845,1812758
182,2022,Morus,nigra,Ripe fruits,-88.402132,42.9334782,1812765
182,2022,Morus,,Ripe fruits,-77.576083,39.113106,1812769
182,2022,Morus,nigra,Ripe fruits,-82.958518,42.287517,1812770
182,2022,Morus,nigra,Ripe fruits,-83.020897,42.278807,1812771
182,2022,Morus,,Ripe fruits,-73.962752,40.659616,1825854
181,2022,Morus,,Ripe fruits,-91.665584,42.012331,1812906
181,2022,Morus,,Ripe fruits,-79.938511,40.468666,1812731
180,2022,Morus,alba,Ripe fruits,-88.40414742,42.9327462,1812703
180,2022,Morus,,Ripe fruits,-93.522573,44.078575,1813498
180,2022,Morus,alba,Ripe fruits,-88.40414742,42.9327462,1812704
180,2022,Morus,,Ripe fruits,35.219142,31.757641,1812671
180,2022,Morus,alba 'Pendula',Ripe fruits,-83.60408278,42.24296405,1812673
179,2022,Morus,nigra,Ripe fruits,-71.132175,42.393518,1765996
179,2022,Morus,nigra,Ripe fruits,-88.011322,41.9658652,1812636
179,2022,Morus,nigra,Ripe fruits,-88.011322,41.9658652,1812637
178,2022,Morus,alba,Ripe fruits,-85.113518,42.307312,1812582
178,2022,Morus,nigra,Ripe fruits,-83.466333,42.43511777,1812609
178,2022,Morus,alba,Ripe fruits,-85.113107,42.306779,1812583
178,2022,Morus,alba,Ripe fruits,-85.114033,42.307305,1812584
178,2022,Morus,alba,Ripe fruits,-80.316944,43.356329,1811021
177,2022,Morus,,Ripe fruits,-87.75748345,42.0239659,1811008
177,2022,Morus,nigra,Ripe fruits,-71.120314,42.402159,1812664
176,2022,Morus,alba,Ripe fruits,-93.404452,44.980021,1812761
176,2022,Morus,alba,Ripe fruits,-71.10872,42.402249,1811018
176,2022,Morus,nigra,Ripe fruits,-75.6694838,45.42108708,1810983
176,2022,Morus,,Ripe fruits,-94.513134,38.879084,1810987
176,2022,Morus,nigra,Ripe fruits,-88.0036454,41.9969066,1810993
175,2022,Morus,,Ripe fruits,-94.120409,36.345096,1813135
174,2022,Morus,,Ripe fruits,-93.242178,44.950064,1774576
174,2022,Morus,nigra,Ripe fruits,-74.023055,40.637029,1774679
174,2022,Morus,,Ripe fruits,-89.364864,43.092633,1810979
173,2022,Morus,alba,Ripe fruits,-71.165026,42.411341,1774431
173,2022,Morus,rubra,Ripe fruits,-82.31464629,34.845831,1810874
173,2022,Morus,nigra,Ripe fruits,-97.43434396,35.88312714,1810896
172,2022,Morus,,Ripe fruits,-71.7740408,42.2525274,1810851
172,2022,Morus,nigra,Ripe fruits,-88.0096874,41.9779004,1810871
172,2022,Morus,nigra,Ripe fruits,-77.1950908,40.2057162,1810860
172,2022,Morus,,Ripe fruits,-77.608935,43.143904,1810916
172,2022,Morus,,Ripe fruits,-77.608935,43.143904,1810916
172,2022,Morus,,Ripe fruits,-77.61670232,43.13887042,1064368
171,2022,Morus,nigra,Ripe fruits,-88.0100176,41.9611758,1810817
171,2022,Morus,nigra,Ripe fruits,-88.0100176,41.9611758,1810818
171,2022,Morus,rubra,Ripe fruits,-76.58339769,39.32857805,1810837
171,2022,Morus,,Ripe fruits,-74.01583,40.61577,1810906
170,2022,Morus,,Ripe fruits,-77.587394,43.153431,1773844
170,2022,Morus,nigra,Ripe fruits,-95.972647,41.248696,1812692
170,2022,Morus,nigra,Ripe fruits,-99.91436581,40.81544646,1810766
170,2022,Morus,rubra,Ripe fruits,-83.198766,42.20092,1810772
170,2022,Morus,nigra,Ripe fruits,-88.01098188,41.97743792,1810778
170,2022,Morus,,Ripe fruits,-83.714888,42.310402,1810792
170,2022,Morus,,Ripe fruits,-82.883483,42.850836,1810795
170,2022,Morus,rubra,Ripe fruits,-87.725077,41.971517,1774000
170,2022,Morus,nigra,Ripe fruits,-99.91436581,40.81544646,1810767
170,2022,Morus,nigra,Ripe fruits,-99.91436581,40.81544646,1810768
170,2022,Morus,nigra,Ripe fruits,-88.01521721,41.97647455,1810777
170,2022,Morus,,Ripe fruits,-95.97166626,41.24838447,1757977
170,2022,Morus,nigra,Ripe fruits,-99.91436581,40.81544646,1810765
169,2022,Morus,,Ripe fruits,-77.587394,43.153431,1773844
169,2022,Morus,nigra,Ripe fruits,-83.74484556,42.2468137,1810677
169,2022,Morus,,Ripe fruits,-79.921604,40.469924,1810752
168,2022,Morus,nigra,Ripe fruits,-77.2185634,40.2309149,1810675
168,2022,Morus,,Ripe fruits,-87.694171,41.942318,1810845
168,2022,Morus,alba,Ripe fruits,-71.130467,42.403171,1812663
167,2022,Morus,,Ripe fruits,-78.87774632,38.46885561,1810618
167,2022,Morus,nigra,Ripe fruits,-81.775032,41.490854,1810621
167,2022,Morus,,Ripe fruits,-87.697384,41.949682,1810843
167,2022,Morus,,Ripe fruits,-87.694822,41.957464,1810844
167,2022,Morus,,Ripe fruits,-87.701098,41.948508,1810842
167,2022,Morus,,Ripe fruits,-94.212358,36.084313,1516404
166,2022,Morus,alba,Ripe fruits,-104.559251,38.280796,1810582
166,2022,Morus,nigra,Ripe fruits,-91.574229,41.661581,1810610
166,2022,Morus,nigra,Ripe fruits,-91.581298,41.657143,1810611
166,2022,Morus,,Ripe fruits,-88.04228537,42.02109404,1810578
165,2022,Morus,,Ripe fruits,-83.01268,39.989925,2225
164,2022,Morus,alba,Ripe fruits,34.78188747,32.07940191,1810524
163,2022,Morus,,Ripe fruits,-82.364032,40.966343,1810541
163,2022,Morus,,Ripe fruits,-79.89736905,40.42119948,1810501
162,2022,Morus,alba,Ripe fruits,11.871621,45.385874,1810617
162,2022,Morus,rubra,Ripe fruits,11.871621,45.385874,1810617
161,2022,Morus,,Ripe fruits,-79.1724,37.396811,1813124
160,2022,Morus,,Ripe fruits,-76.609711,39.32132,1767251
160,2022,Morus,nigra,Ripe fruits,-77.753947,39.323838,1810444
160,2022,Morus,alba,Ripe fruits,-75.191885,40.010915,1810468
159,2022,Morus,,Ripe fruits,-90.32752227,38.67023477,1810408
159,2022,Morus,,Ripe fruits,-90.3397036,38.66965744,1810413
159,2022,Morus,rubra,Ripe fruits,-77.62594,37.607032,1810427
159,2022,Morus,,Ripe fruits,-92.586434,40.195579,1810447
158,2022,Morus,,Ripe fruits,-90.242856,38.608428,1810372
158,2022,Morus,,Ripe fruits,-90.490687,38.774399,1810373
158,2022,Morus,nigra,Ripe fruits,-86.53131442,39.16063947,1810377
158,2022,Morus,nigra,Ripe fruits,-75.188242,40.008819,1810469
158,2022,Morus,nigra,Ripe fruits,-75.186797,40.008399,1810470
158,2022,Morus,,Ripe fruits,-76.615108,39.323412,1515686
158,2022,Morus,,Ripe fruits,-76.614245,39.320436,1515765
157,2022,Morus,,Ripe fruits,-85.73419596,38.24218967,1810351
157,2022,Morus,nigra,Ripe fruits,-77.466263,38.29994,1591108
156,2022,Morus,nigra,Ripe fruits,-83.016691,40.01691,1765954
156,2022,Morus,rubra,Ripe fruits,-79.980496,40.4322,1766438
156,2022,Morus,nigra,Ripe fruits,-85.73219156,38.23607248,1810322
156,2022,Morus,,Ripe fruits,-90.066815,35.131654,1810331
156,2022,Morus,rubra,Ripe fruits,-82.99740871,40.02750008,1064061
156,2022,Morus,nigra,Ripe fruits,-94.21449493,36.37257789,1810311
154,2022,Morus,nigra,Ripe fruits,-77.12544204,39.2275564,1810250
154,2022,Morus,alba,Ripe fruits,-78.900426,36.008508,1810305
153,2022,Morus,,Ripe fruits,-76.959958,38.984199,1810239
152,2022,Morus,,Ripe fruits,-84.539492,38.0196,1810520
152,2022,Morus,nigra,Ripe fruits,-99.875809,36.278008,1810974
151,2022,Morus,,Ripe fruits,-88.23893,40.106054,1810222
151,2022,Morus,nigra,Ripe fruits,-94.771973,38.972606,1810226
150,2022,Morus,nigra,Ripe fruits,-97.564867,35.507342,1809970
149,2022,Morus,nigra,Ripe fruits,-98.61978236,29.41600318,1810186
148,2022,Morus,macroura,Ripe fruits,-85.764048,38.231547,1810204
148,2022,Morus,nigra,Ripe fruits,-85.765371,38.234194,1810205
148,2022,Morus,nigra,Ripe fruits,-85.765973,38.23278,1810206
147,2022,Morus,rubra,Ripe fruits,-78.900182,36.008552,1810303
143,2022,Morus,nigra,Ripe fruits,34.798001,32.076232,1810115
142,2022,Morus,nigra,Ripe fruits,34.807546,32.073617,1810116
142,2022,Morus,,Ripe fruits,-94.597343,38.882435,1810173
140,2022,Morus,nigra,Ripe fruits,-78.641624,35.788341,1812669
140,2022,Morus,nigra,Ripe fruits,-78.700384,35.831236,1812667
140,2022,Morus,nigra,Ripe fruits,-78.700384,35.831236,1812668
138,2022,Morus,alba,Ripe fruits,-84.30338589,30.44997474,1809952
137,2022,Morus,rubra,Ripe fruits,-113.5850622,37.11152552,1755994
136,2022,Morus,nigra,Ripe fruits,34.799853,32.075334,1809877
136,2022,Morus,nigra,Ripe fruits,34.807919,32.073456,595340
134,2022,Morus,,Ripe fruits,-117.022331,32.781582,1809917
134,2022,Morus,,Ripe fruits,-117.102573,32.77074,1809918
134,2022,Morus,nigra,Ripe fruits,-117.1164379,32.7673159,606178
134,2022,Morus,australis,Ripe fruits,1.42228,43.583717,1809867
133,2022,Morus,nigra,Ripe fruits,-79.79769347,36.06818281,1809840
133,2022,Morus,nigra,Ripe fruits,-79.79769347,36.06818281,1809841
133,2022,Morus,,Ripe fruits,34.80657,31.936228,1809839
132,2022,Morus,nigra,Ripe fruits,-79.84795935,36.06412186,1809826
130,2022,Morus,,Ripe fruits,-96.738161,33.09248,1772792
120,2022,Morus,alba,Ripe fruits,13.197295,32.888526,1810761
116,2022,Morus,,Ripe fruits,-97.70963125,30.29953354,1809521
84,2022,Morus,nigra,Ripe fruits,153.0096651,-27.22395827,1808809
44,2022,Morus,,Ripe fruits,146.928976,-43.164048,1808113
6,2022,Morus,,Ripe fruits,-93.293972,37.145451,1822968
2,2022,Morus,nigra,Ripe fruits,149.096211,-33.254033,1807765
337,2021,Morus,,Ripe fruits,145.157759,-37.918371,1807357
332,2021,Morus,nigra,Ripe fruits,145.0360722,-37.8632798,1807333
322,2021,Morus,nigra,Ripe fruits,115.871494,-31.940985,1808689
315,2021,Morus,,Ripe fruits,115.7670839,-31.76003044,1807172
311,2021,Morus,,Ripe fruits,144.975328,-37.713256,1807120
300,2021,Morus,nigra,Ripe fruits,151.2695651,-33.8949463,1718890
289,2021,Morus,,Ripe fruits,4.435563444,50.76979356,1806679
289,2021,Morus,,Ripe fruits,4.436984076,50.76888583,1806680
267,2021,Morus,alba,Ripe fruits,151.151596,-33.915085,570112
266,2021,Morus,,Ripe fruits,-82.56563,35.600208,1806896
265,2021,Morus,nigra,Ripe fruits,151.7117936,-32.9235937,1805803
253,2021,Morus,alba,Ripe fruits,-71.515774,42.147281,1805478
244,2021,Morus,rubra,Ripe fruits,-105.126562,40.567712,1805533
244,2021,Morus,rubra,Ripe fruits,-105.126562,40.567712,1805532
220,2021,Morus,,Ripe fruits,-79.886243,43.330111,1775628
214,2021,Morus,,Ripe fruits,-74.05217,41.461361,1775440
212,2021,Morus,nigra,Ripe fruits,-85.64913249,42.95512061,1775361
205,2021,Morus,nigra,Ripe fruits,-1.579208,47.243288,1775164
204,2021,Morus,rubra,Ripe fruits,149.126221,-35.252522,665713
202,2021,Morus,rubra,Ripe fruits,-89.427082,43.085011,1775068
201,2021,Morus,nigra,Ripe fruits,-80.52973812,43.48211954,1775038
199,2021,Morus,nigra,Ripe fruits,-87.71151456,41.9211903,1774986
199,2021,Morus,,Ripe fruits,-84.527383,42.74695,1775013
199,2021,Morus,,Ripe fruits,-84.537094,42.717419,1775015
197,2021,Morus,nigra,Ripe fruits,-83.468528,42.55189,1805778
195,2021,Morus,nigra,Ripe fruits,-87.987112,43.047272,1807251
194,2021,Morus,,Ripe fruits,-75.924776,40.41245,1775639
193,2021,Morus,nigra,Ripe fruits,-85.73058,42.853285,1762486
192,2021,Morus,,Ripe fruits,-99.73484553,40.77998189,1774795
192,2021,Morus,nigra,Ripe fruits,-85.6477748,42.91329275,1774823
191,2021,Morus,,Ripe fruits,-76.9674918,38.8948838,1774775
191,2021,Morus,,Ripe fruits,-76.9674918,38.8948838,1774776
191,2021,Morus,alba,Ripe fruits,17.002213,51.094455,1807819
191,2021,Morus,alba,Ripe fruits,-79.8388209,43.26101521,1068925
190,2021,Morus,nigra,Ripe fruits,-80.425125,43.431704,1810922
187,2021,Morus,,Ripe fruits,-87.63909581,41.94760771,1774714
187,2021,Morus,,Ripe fruits,-87.63905093,41.94696404,1774715
187,2021,Morus,nigra,Ripe fruits,-93.14528464,44.97834157,1774716
187,2021,Morus,,Ripe fruits,-87.63909581,41.94760771,1774713
187,2021,Morus,rubra,Ripe fruits,-89.41023,43.061262,1774875
187,2021,Morus,,Ripe fruits,-88.081279,43.049693,1807250
185,2021,Morus,nigra,Ripe fruits,-74.024652,40.637933,1774682
184,2021,Morus,alba,Ripe fruits,-76.64316292,39.33175209,1774660
184,2021,Morus,alba,Ripe fruits,-80.50791,43.448998,1774698
184,2021,Morus,,Ripe fruits,-91.672578,42.086644,1774985
183,2021,Morus,nigra,Ripe fruits,-81.70582255,41.47709274,1774639
181,2021,Morus,,Ripe fruits,-86.808579,36.138221,1591597
180,2021,Morus,nigra,Ripe fruits,-93.371816,45.035151,1774600
179,2021,Morus,nigra,Ripe fruits,-71.111273,42.321453,1774674
178,2021,Morus,nigra,Ripe fruits,-81.76970409,41.4773738,1774549
178,2021,Morus,nigra,Ripe fruits,-81.76970409,41.4773738,1774550
178,2021,Morus,,Ripe fruits,-93.242178,44.950064,1774576
178,2021,Morus,,Ripe fruits,-93.241519,44.986833,111387
177,2021,Morus,nigra,Ripe fruits,-74.023055,40.637029,1774679
177,2021,Morus,alba 'Pendula',Ripe fruits,-74.023445,40.637184,1774680
177,2021,Morus,alba 'Pendula',Ripe fruits,-74.024082,40.63745,1774681
177,2021,Morus,alba,Ripe fruits,-81.823404,41.484614,1717975
175,2021,Morus,,Ripe fruits,-93.30851,44.974363,1776079
175,2021,Morus,,Ripe fruits,-77.64772798,43.13867213,1774511
175,2021,Morus,nigra,Ripe fruits,-1.960923,46.711066,1774515
175,2021,Morus,rubra,Ripe fruits,-2.07171,46.785558,1774516
175,2021,Morus,rubra,Ripe fruits,-93.225537,44.964223,1774540
174,2021,Morus,,Ripe fruits,-89.380152,43.082364,606488
174,2021,Morus,,Ripe fruits,-86.897992,40.431625,1774474
173,2021,Morus,nigra,Ripe fruits,-71.54287418,41.69794771,1774448
173,2021,Morus,nigra,Ripe fruits,-71.5386409,41.6950336,1774450
173,2021,Morus,alba,Ripe fruits,-111.878196,40.655965,1774454
173,2021,Morus,nigra,Ripe fruits,-77.087805,39.079251,1774482
172,2021,Morus,nigra,Ripe fruits,-84.54976752,42.74628056,1774424
172,2021,Morus,nigra,Ripe fruits,-79.45228027,43.81930693,1774422
172,2021,Morus,alba,Ripe fruits,-71.155776,42.28275,1774418
172,2021,Morus,,Ripe fruits,-73.899405,41.042765,1774547
171,2021,Morus,,Ripe fruits,-71.108528,42.379901,1774392
171,2021,Morus,rubra,Ripe fruits,-71.095758,42.388277,1721529
171,2021,Morus,rubra,Ripe fruits,-71.122435,42.319825,1774411
171,2021,Morus,rubra,Ripe fruits,-71.121924,42.320166,1774412
171,2021,Morus,rubra,Ripe fruits,-71.119815,42.320428,1774413
171,2021,Morus,,Ripe fruits,-71.196034,42.354653,1774414
171,2021,Morus,,Ripe fruits,-71.095961,42.388322,1774416
171,2021,Morus,alba,Ripe fruits,-71.165026,42.411341,1774431
171,2021,Morus,,Ripe fruits,-88.148863,41.748207,1774430
171,2021,Morus,nigra,Ripe fruits,-88.14771772,41.74850286,1065529
170,2021,Morus,,Ripe fruits,-77.014444,38.9723034,1774345
170,2021,Morus,,Ripe fruits,-71.208664,42.354668,1774377
170,2021,Morus,alba,Ripe fruits,-71.200745,42.354069,1774379
170,2021,Morus,nigra,Ripe fruits,-79.88142502,40.43078977,1774346
170,2021,Morus,nigra,Ripe fruits,-83.559048,41.652495,1774369
170,2021,Morus,alba,Ripe fruits,-71.201118,42.353784,1774380
170,2021,Morus,,Ripe fruits,-71.201813,42.3518,1774381
170,2021,Morus,rubra,Ripe fruits,-71.209771,42.356453,1774387
170,2021,Morus,alba,Ripe fruits,-71.21004,42.356338,1774388
170,2021,Morus,rubra,Ripe fruits,-89.40643,43.056147,1774876
170,2021,Morus,,Ripe fruits,-79.31088746,43.71542616,1064440
170,2021,Morus,,Ripe fruits,-79.310467,43.715151,1064441
169,2021,Morus,nigra,Ripe fruits,-79.87911006,40.42109843,1774304
169,2021,Morus,,Ripe fruits,-79.88204366,40.41833956,1774291
169,2021,Morus,,Ripe fruits,-79.886367,40.4198565,1774282
169,2021,Morus,alba,Ripe fruits,-79.881293,40.4178815,1774289
169,2021,Morus,alba,Ripe fruits,-79.88170702,40.41806617,1774290
169,2021,Morus,nigra,Ripe fruits,-79.8793457,40.42142432,1774301
169,2021,Morus,nigra,Ripe fruits,-79.88034008,40.4213688,1774308
169,2021,Morus,nigra,Ripe fruits,-79.88110215,40.42158195,1774310
169,2021,Morus,nigra,Ripe fruits,-79.88110215,40.42158195,1774311
169,2021,Morus,alba 'Laciniata',Ripe fruits,-79.88264349,40.42418405,1774312
169,2021,Morus,nigra,Ripe fruits,-82.989242,39.937925,1774314
169,2021,Morus,alba,Ripe fruits,-82.987547,39.938775,1774315
169,2021,Morus,alba,Ripe fruits,-79.8812379,40.417852,1774288
169,2021,Morus,nigra,Ripe fruits,-79.87911006,40.42109843,1774303
169,2021,Morus,nigra,Ripe fruits,-79.87994147,40.42132318,1774307
169,2021,Morus,nigra,Ripe fruits,-79.88034008,40.4213688,1774309
169,2021,Morus,,Ripe fruits,-71.196456,42.333466,1774375
169,2021,Morus,alba,Ripe fruits,-71.195887,42.334459,1774370
169,2021,Morus,alba,Ripe fruits,-71.196188,42.334145,1774373
169,2021,Morus,,Ripe fruits,-71.21344,42.359466,1774383
169,2021,Morus,,Ripe fruits,-71.214172,42.35767,1774384
169,2021,Morus,,Ripe fruits,-71.097981,42.380011,1774391
169,2021,Morus,,Ripe fruits,-71.213138,42.357512,1774385
168,2021,Morus,nigra,Ripe fruits,-81.351893,41.147632,1774265
168,2021,Morus,alba,Ripe fruits,-79.8811275,40.4166838,1774250
168,2021,Morus,,Ripe fruits,-79.884093,40.4180114,1774246
168,2021,Morus,,Ripe fruits,-79.88106416,40.41673783,1774251
168,2021,Morus,nigra,Ripe fruits,-76.266048,36.834902,1774270
168,2021,Morus,rubra,Ripe fruits,-74.96843,39.952106,1774283
168,2021,Morus,rubra,Ripe fruits,-74.968392,39.951098,1774284
167,2021,Morus,,Ripe fruits,-87.710682,41.925684,1774267
167,2021,Morus,,Ripe fruits,-79.878603,40.4246274,1774236
167,2021,Morus,,Ripe fruits,-79.879069,40.42406,1774237
167,2021,Morus,,Ripe fruits,-79.8774198,40.4220217,1774238
167,2021,Morus,,Ripe fruits,-79.8801985,40.4216837,1774239
167,2021,Morus,,Ripe fruits,-75.201405,39.951441,1774242
166,2021,Morus,nigra,Ripe fruits,-85.6750225,42.96329564,1774194
166,2021,Morus,alba,Ripe fruits,-71.11365767,42.35614416,1774201
166,2021,Morus,nigra,Ripe fruits,-73.97108667,40.67501365,1774216
166,2021,Morus,nigra,Ripe fruits,-71.179121,42.242599,1774217
166,2021,Morus,nigra,Ripe fruits,-87.96833155,43.05438388,1774207
166,2021,Morus,,Ripe fruits,-71.087515,42.377383,1774221
166,2021,Morus,rubra,Ripe fruits,-83.01035,42.28328,1774593
165,2021,Morus,nigra,Ripe fruits,-93.28700818,44.95902939,1774181
165,2021,Morus,nigra,Ripe fruits,-111.8655484,40.75063837,1774184
165,2021,Morus,,Ripe fruits,-87.680068,41.717189,1774211
165,2021,Morus,alba,Ripe fruits,-80.00056959,40.42130021,574614
164,2021,Morus,alba,Ripe fruits,-77.003199,38.978691,1774145
164,2021,Morus,,Ripe fruits,-85.66161049,42.96982827,1774164
164,2021,Morus,,Ripe fruits,-77.00289,38.97897,1774146
164,2021,Morus,,Ripe fruits,-112.1803907,40.95017892,804842
163,2021,Morus,,Ripe fruits,-79.89029847,40.42099782,1774113
163,2021,Morus,rubra,Ripe fruits,-74.937549,39.970081,1774125
163,2021,Morus,nigra,Ripe fruits,-79.87908634,40.42494775,1774110
163,2021,Morus,nigra,Ripe fruits,-79.87908634,40.42494775,1774111
163,2021,Morus,alba 'Laciniata',Ripe fruits,-79.87919163,40.42470258,1774112
163,2021,Morus,,Ripe fruits,-79.89077314,40.42075065,1774114
163,2021,Morus,,Ripe fruits,-87.591535,41.78541,1774329
163,2021,Morus,,Ripe fruits,-77.090464,38.94182,1774336
162,2021,Morus,,Ripe fruits,-81.774604,41.490421,1774152
161,2021,Morus,alba 'Laciniata',Ripe fruits,-76.61383516,39.32341569,1774087
161,2021,Morus,,Ripe fruits,-77.051937,38.862332,1774091
160,2021,Morus,alba,Ripe fruits,-87.667382,41.955984,1774076
160,2021,Morus,,Ripe fruits,-74.83025,40.853573,1774081
160,2021,Morus,,Ripe fruits,-111.6884016,40.2830219,1758357
160,2021,Morus,,Ripe fruits,-111.849089,40.763941,1760830
159,2021,Morus,nigra,Ripe fruits,-79.88150587,40.42595371,1773994
159,2021,Morus,alba,Ripe fruits,-79.9999375,40.4480598,1774003
158,2021,Morus,alba,Ripe fruits,-87.7170082,41.9272581,1773983
157,2021,Morus,rubra,Ripe fruits,-87.725077,41.971517,1774000
156,2021,Morus,nigra,Ripe fruits,-87.721106,41.973879,1774001
156,2021,Morus,alba,Ripe fruits,-76.843084,39.120471,1774077
156,2021,Morus,,Ripe fruits,-77.085261,38.937998,1774337
155,2021,Morus,rubra,Ripe fruits,-74.944932,39.96764,1773928
155,2021,Morus,nigra,Ripe fruits,-83.01643644,39.97362557,1773921
154,2021,Morus,,Ripe fruits,-97.521177,35.489696,1757257
153,2021,Morus,australis,Ripe fruits,1.325843,43.516281,1776200
153,2021,Morus,australis,Ripe fruits,1.325843,43.516281,1776201
152,2021,Morus,,Ripe fruits,-122.758109,38.515172,1773924
152,2021,Morus,,Ripe fruits,-89.649639,40.712683,1774177
150,2021,Morus,rubra,Ripe fruits,-75.001705,39.954179,1773839
150,2021,Morus,,Ripe fruits,-76.110487,36.830248,1773878
150,2021,Morus,alba,Ripe fruits,-76.308693,36.86017,1774294
150,2021,Morus,nigra,Ripe fruits,-76.307307,36.860962,1774295
150,2021,Morus,alba,Ripe fruits,-95.243023,38.961896,1809417
148,2021,Morus,,Ripe fruits,-76.618185,39.301068,1773813
148,2021,Morus,rubra,Ripe fruits,-75.010359,39.941297,1773822
148,2021,Morus,nigra,Ripe fruits,-76.54635406,38.98060259,1773815
147,2021,Morus,alba,Ripe fruits,-76.246346,36.769015,1773798
147,2021,Morus,nigra,Ripe fruits,-76.239554,36.772091,1773799
147,2021,Morus,,Ripe fruits,-117.141342,32.75515,1773800
147,2021,Morus,nigra,Ripe fruits,-77.47797134,37.55178196,1773794
143,2021,Morus,alba,Ripe fruits,51.339565,35.664128,1773713
139,2021,Morus,,Ripe fruits,-84.371995,33.730291,1773662
137,2021,Morus,rubra,Ripe fruits,-76.241529,36.767122,1773444
137,2021,Morus,rubra,Ripe fruits,-76.241529,36.767122,1773444
137,2021,Morus,,Ripe fruits,-86.401588,35.845097,1773443
137,2021,Morus,rubra,Ripe fruits,-76.246,36.768435,1773797
136,2021,Morus,,Ripe fruits,-84.371386,33.742904,1773634
136,2021,Morus,nigra,Ripe fruits,-76.300449,37.018974,1823115
133,2021,Morus,nigra,Ripe fruits,-84.329671,33.735095,1773407
129,2021,Morus,nigra,Ripe fruits,-119.8035817,36.75918,1773358
123,2021,Morus,,Ripe fruits,-117.141342,32.75515,1773800
111,2021,Morus,,Ripe fruits,-97.71120913,30.31653065,1773132
111,2021,Morus,,Ripe fruits,-97.71269071,30.3148385,1773137
111,2021,Morus,,Ripe fruits,-97.71197275,30.31339073,1773138
105,2021,Morus,nigra,Ripe fruits,-79.94912134,32.78803364,1773010
104,2021,Morus,rubra,Ripe fruits,-82.669537,27.780911,1772997
79,2021,Morus,rubra,Ripe fruits,-82.70806193,28.04746525,1065102
75,2021,Morus,,Ripe fruits,-89.391632,43.135558,1772630
28,2021,Morus,,Ripe fruits,147.306622,-42.869262,1772313
354,2020,Morus,,Ripe fruits,-73.674928,42.72199,1771777
315,2020,Morus,,Ripe fruits,-122.191711,47.760403,1772272
310,2020,Morus,nigra,Ripe fruits,-121.7299981,37.72364461,1770848
292,2020,Morus,nigra,Ripe fruits,28.32652827,-25.79663326,1770365
290,2020,Morus,,Ripe fruits,144.9844527,-37.7800953,1770305
289,2020,Morus,nigra,Ripe fruits,28.2618945,-25.7875065,1770268
276,2020,Morus,alba,Ripe fruits,-64.22153,-31.421841,1769671
276,2020,Morus,alba,Ripe fruits,-64.221261,-31.422343,1769672
271,2020,Morus,,Ripe fruits,115.999658,-31.80575808,1769496
269,2020,Morus,nigra,Ripe fruits,151.692325,-32.968619,1769429
263,2020,Morus,,Ripe fruits,150.807513,-34.565605,1769215
256,2020,Morus,,Ripe fruits,151.219033,-33.84728,1769088
250,2020,Morus,,Ripe fruits,153.073887,-26.616381,1768845
236,2020,Morus,,Ripe fruits,4.63802,43.642259,1768062
233,2020,Morus,,Ripe fruits,-90.098237,30.024766,1767966
224,2020,Morus,nigra,Ripe fruits,-46.707657,-23.542272,1767236
207,2020,Morus,alba,Ripe fruits,-0.281872,51.948504,1766994
205,2020,Morus,nigra,Ripe fruits,-81.28477219,42.94087797,1766938
202,2020,Morus,nigra,Ripe fruits,-84.52058497,42.63081214,1766849
200,2020,Morus,,Ripe fruits,-88.32515275,40.08447027,1766740
200,2020,Morus,,Ripe fruits,-88.32515275,40.08447027,1766741
200,2020,Morus,nigra,Ripe fruits,-79.3350524,43.7060585,1766760
200,2020,Morus,nigra,Ripe fruits,-87.66386817,41.98360678,1766761
198,2020,Morus,,Ripe fruits,-93.299846,44.883497,1766712
198,2020,Morus,,Ripe fruits,-70.059951,41.748087,1718794
196,2020,Morus,nigra,Ripe fruits,-105.2803445,40.0209623,1766624
196,2020,Morus,rubra,Ripe fruits,-71.09123781,42.37767572,1524262
195,2020,Morus,,Ripe fruits,-89.036119,41.716403,1766601
195,2020,Morus,,Ripe fruits,-89.076461,41.716043,1766602
194,2020,Morus,,Ripe fruits,-87.709347,41.992229,1766562
193,2020,Morus,,Ripe fruits,-93.296211,44.970497,1766762
193,2020,Morus,,Ripe fruits,-93.308787,44.911854,1766525
192,2020,Morus,,Ripe fruits,-87.849939,42.968559,1766509
192,2020,Morus,alba,Ripe fruits,-87.611068,41.792219,1768710
191,2020,Morus,alba 'Laciniata',Ripe fruits,17.012349,51.087643,1766471
191,2020,Morus,alba 'Laciniata',Ripe fruits,17.013293,51.089584,1766472
190,2020,Morus,alba,Ripe fruits,-88.701919,41.973188,1766447
190,2020,Morus,,Ripe fruits,-122.526288,45.476122,1766461
188,2020,Morus,rubra,Ripe fruits,-80.52685,43.469046,1766359
188,2020,Morus,nigra,Ripe fruits,-77.61937514,43.15088646,666880
187,2020,Morus,,Ripe fruits,-71.204585,42.36563,1765227
187,2020,Morus,,Ripe fruits,-71.19021839,42.36250279,1754791
186,2020,Morus,nigra,Ripe fruits,-76.416211,40.101216,1766312
183,2020,Morus,nigra,Ripe fruits,-73.595611,45.540219,1766797
183,2020,Morus,alba,Ripe fruits,-79.94643172,40.42086626,1766226
183,2020,Morus,nigra,Ripe fruits,-79.94643172,40.42086626,1766225
183,2020,Morus,alba,Ripe fruits,-79.94643172,40.42086626,1766227
183,2020,Morus,alba,Ripe fruits,-79.94643172,40.42086626,1766228
183,2020,Morus,nigra,Ripe fruits,-71.217284,42.158457,1718065
181,2020,Morus,,Ripe fruits,-73.98347,40.71868,1766170
181,2020,Morus,,Ripe fruits,-79.92673517,40.43790134,1765222
180,2020,Morus,,Ripe fruits,-77.570004,39.11333,1766137
180,2020,Morus,nigra,Ripe fruits,-89.516889,43.059772,1766139
179,2020,Morus,,Ripe fruits,-71.144686,42.400888,1717957
178,2020,Morus,,Ripe fruits,-87.027401,41.4755471,1766072
178,2020,Morus,nigra,Ripe fruits,15.63776,46.559182,1765007
177,2020,Morus,,Ripe fruits,-87.69441705,41.96037549,1766016
177,2020,Morus,,Ripe fruits,-93.69263229,41.55902394,1766025
177,2020,Morus,,Ripe fruits,-93.133686,44.93381,1766133
176,2020,Morus,nigra,Ripe fruits,-71.11281,42.361372,1765998
176,2020,Morus,nigra,Ripe fruits,-77.551886,43.171404,1766011
176,2020,Morus,alba,Ripe fruits,-93.290856,44.957184,1765993
176,2020,Morus,,Ripe fruits,-87.693405,41.917406,1766181
176,2020,Morus,alba,Ripe fruits,-72.597978,42.582294,1766162
176,2020,Morus,alba,Ripe fruits,-122.273258,37.855522,34420
175,2020,Morus,nigra,Ripe fruits,-83.016691,40.01691,1765954
175,2020,Morus,nigra,Ripe fruits,-83.022399,40.025176,1765956
175,2020,Morus,nigra,Ripe fruits,-71.132175,42.393518,1765996
174,2020,Morus,rubra,Ripe fruits,-83.151798,42.564221,1762704
174,2020,Morus,alba,Ripe fruits,-83.151798,42.564221,1762704
173,2020,Morus,,Ripe fruits,-83.74543592,42.30359608,1765920
173,2020,Morus,nigra,Ripe fruits,-83.74632623,42.30392397,1765921
173,2020,Morus,nigra,Ripe fruits,-71.110825,42.381792,1721537
172,2020,Morus,nigra,Ripe fruits,-73.682544,42.784378,1765892
172,2020,Morus,alba,Ripe fruits,-73.682953,42.784203,1765893
172,2020,Morus,nigra,Ripe fruits,-73.682953,42.784203,1765893
172,2020,Morus,nigra,Ripe fruits,-73.682659,42.753822,1765885
172,2020,Morus,,Ripe fruits,-72.655933,41.561285,1765875
172,2020,Morus,,Ripe fruits,-73.969454,40.616878,1765881
172,2020,Morus,,Ripe fruits,-73.681762,42.760668,1765886
172,2020,Morus,,Ripe fruits,-77.078051,38.794764,1769611
171,2020,Morus,,Ripe fruits,-90.137194,38.898568,1767421
171,2020,Morus,,Ripe fruits,-73.673426,42.737465,1765590
171,2020,Morus,nigra,Ripe fruits,-122.313573,47.639671,1765854
171,2020,Morus,,Ripe fruits,-73.673584,42.736189,1765856
171,2020,Morus,,Ripe fruits,-73.672879,42.739031,1765857
171,2020,Morus,,Ripe fruits,-73.648111,42.742535,1765832
171,2020,Morus,,Ripe fruits,-93.290947,44.962823,1772650
170,2020,Morus,,Ripe fruits,-73.678233,42.733346,1763286
170,2020,Morus,nigra,Ripe fruits,-71.112765,42.360252,1765999
170,2020,Morus,,Ripe fruits,-73.679155,42.73801,595286
169,2020,Morus,,Ripe fruits,-87.681882,41.852911,1765789
168,2020,Morus,,Ripe fruits,-121.545357,39.49353,1765640
168,2020,Morus,alba,Ripe fruits,-73.676656,42.73229,1765660
168,2020,Morus,nigra,Ripe fruits,-77.029667,39.002157,1765710
167,2020,Morus,,Ripe fruits,-85.71909,38.260529,1767595
167,2020,Morus,,Ripe fruits,-85.719177,38.260539,1767594
167,2020,Morus,alba,Ripe fruits,-87.676221,41.861993,1765574
167,2020,Morus,,Ripe fruits,-90.596882,41.502574,1765632
167,2020,Morus,,Ripe fruits,-73.677748,42.736122,1721325
166,2020,Morus,,Ripe fruits,-111.77474,40.392447,1765644
166,2020,Morus,nigra,Ripe fruits,-71.040834,42.502063,1765997
164,2020,Morus,nigra,Ripe fruits,-76.722201,39.273667,1765621
163,2020,Morus,,Ripe fruits,-73.673426,42.737465,1765590
162,2020,Morus,alba,Ripe fruits,-77.424077,37.576308,1766026
162,2020,Morus,,Ripe fruits,-84.15684161,36.34961595,1765409
162,2020,Morus,,Ripe fruits,-76.62441,39.321486,1765465
159,2020,Morus,alba,Ripe fruits,-78.48958551,38.03382567,1765301
159,2020,Morus,alba 'Pendula',Ripe fruits,-111.9145114,40.77265579,1765325
159,2020,Morus,nigra,Ripe fruits,-111.9154396,40.77389493,1765324
159,2020,Morus,,Ripe fruits,-86.817288,33.490603,1765335
159,2020,Morus,alba,Ripe fruits,4.873287,45.772747,1758076
158,2020,Morus,nigra,Ripe fruits,-84.48644199,39.11831209,1765294
157,2020,Morus,rubra,Ripe fruits,-97.412052,35.193566,1765243
155,2020,Morus,nigra,Ripe fruits,-76.712772,39.25022,1765623
155,2020,Morus,,Ripe fruits,-95.9042599,36.21953461,1765168
155,2020,Morus,alba 'Laciniata',Ripe fruits,-79.92875,40.457408,1765394
154,2020,Morus,nigra,Ripe fruits,-78.4950355,38.0374793,1720856
154,2020,Morus,nigra,Ripe fruits,-78.496695,38.03691,1721339
153,2020,Morus,nigra,Ripe fruits,-77.012153,38.877518,1765097
152,2020,Morus,alba,Ripe fruits,-77.0530431,38.9667529,1765056
152,2020,Morus,,Ripe fruits,-94.19906732,39.13672071,1764997
152,2020,Morus,alba,Ripe fruits,-77.0530431,38.9667529,1765057
150,2020,Morus,nigra,Ripe fruits,-122.2449677,37.81344435,1764927
150,2020,Morus,alba,Ripe fruits,-90.261631,38.630661,1764967
149,2020,Morus,,Ripe fruits,-83.930224,35.985974,1764887
148,2020,Morus,,Ripe fruits,-118.304593,34.158229,1764871
147,2020,Morus,,Ripe fruits,-77.45117842,37.5305992,1764838
147,2020,Morus,alba,Ripe fruits,-85.719484,38.234362,1764978
145,2020,Morus,nigra,Ripe fruits,-78.899477,36.024004,1764776
144,2020,Morus,,Ripe fruits,-77.415955,37.525133,1764750
143,2020,Morus,,Ripe fruits,-77.44191773,37.53820435,1764738
143,2020,Morus,nigra,Ripe fruits,-122.2486478,37.81958848,1764741
143,2020,Morus,,Ripe fruits,-121.85423,39.743693,1764748
141,2020,Morus,,Ripe fruits,-95.712861,29.795129,1764653
140,2020,Morus,,Ripe fruits,-84.318019,33.739099,1764652
140,2020,Morus,alba,Ripe fruits,-84.318307,33.738787,1764651
139,2020,Morus,nigra,Ripe fruits,-118.255911,34.23172,1764622
137,2020,Morus,,Ripe fruits,-83.375393,33.949351,1769364
130,2020,Morus,nigra,Ripe fruits,-84.349006,33.770601,1764473
126,2020,Morus,,Ripe fruits,-86.751212,33.534276,1764417
126,2020,Morus,rubra,Ripe fruits,-86.751212,33.534276,1764417
124,2020,Morus,nigra,Ripe fruits,-84.373056,33.773574,1762931
119,2020,Morus,nigra,Ripe fruits,-84.355744,33.789855,1764257
119,2020,Morus,nigra,Ripe fruits,-84.355012,33.791502,1764259
109,2020,Morus,,Ripe fruits,-86.762973,33.52784,1765336
106,2020,Morus,,Ripe fruits,-97.72128108,30.35568408,1763291
103,2020,Morus,,Ripe fruits,-90.054125,29.948814,1763244
96,2020,Morus,,Ripe fruits,-95.378079,29.732535,1769796
87,2020,Morus,nigra,Ripe fruits,-90.03731489,29.96012953,666017
80,2020,Morus,,Ripe fruits,-82.59196,27.499739,1759834
35,2020,Morus,nigra,Ripe fruits,153.012481,-27.5224739,1762517
305,2019,Morus,,Ripe fruits,27.999733,-26.164372,1762232
284,2019,Morus,,Ripe fruits,151.063849,-33.973608,1761042
283,2019,Morus,rubra,Ripe fruits,28.082814,-26.172897,1762231
272,2019,Morus,,Ripe fruits,115.716594,-31.674211,1760791
265,2019,Morus,,Ripe fruits,115.8128671,-31.89028911,1760529
265,2019,Morus,,Ripe fruits,115.813804,-31.89325342,1757014
225,2019,Morus,australis,Ripe fruits,1.487856,43.658583,1759688
223,2019,Morus,rubra,Ripe fruits,-1.946499,46.702344,1759305
223,2019,Morus,rubra,Ripe fruits,-1.942678,46.703892,1759306
220,2019,Morus,,Ripe fruits,5.812943,45.222436,1759190
220,2019,Morus,,Ripe fruits,5.818573,45.223383,1759192
215,2019,Morus,,Ripe fruits,-73.164698,42.700393,1759197
213,2019,Morus,,Ripe fruits,5.819125,45.223541,1759191
212,2019,Morus,,Ripe fruits,-79.308587,43.715913,1758994
203,2019,Morus,alba,Ripe fruits,-80.226446,43.531929,1758712
202,2019,Morus,alba,Ripe fruits,-73.677043,42.731844,1765225
199,2019,Morus,,Ripe fruits,-79.31088746,43.71542616,1064440
199,2019,Morus,,Ripe fruits,-79.310467,43.715151,1064441
195,2019,Morus,,Ripe fruits,-86.411792,39.697066,1758373
194,2019,Morus,,Ripe fruits,-79.279027,43.694823,1758372
194,2019,Morus,,Ripe fruits,-79.279093,43.694989,1758371
192,2019,Morus,alba,Ripe fruits,-97.473655,35.217331,1761464
191,2019,Morus,,Ripe fruits,-73.679938,42.784475,1758568
190,2019,Morus,,Ripe fruits,-86.411792,39.697066,1758373
190,2019,Morus,alba,Ripe fruits,-111.876123,40.63842686,1758112
187,2019,Morus,,Ripe fruits,-88.30862,42.111129,1766547
186,2019,Morus,,Ripe fruits,-71.25512,42.283394,1758253
186,2019,Morus,alba,Ripe fruits,-111.876123,40.63842686,1758112
186,2019,Morus,alba,Ripe fruits,-111.8874356,40.75974593,594233
183,2019,Morus,alba,Ripe fruits,-111.89943,40.750814,1756861
183,2019,Morus,rubra,Ripe fruits,-1.954046,46.700107,1758026
182,2019,Morus,nigra,Ripe fruits,-77.61545683,43.14049157,1758001
180,2019,Morus,,Ripe fruits,35.215434,31.780601,1757945
179,2019,Morus,,Ripe fruits,-79.955571,40.46519,1757926
179,2019,Morus,,Ripe fruits,35.220114,31.784711,1757949
179,2019,Morus,,Ripe fruits,-71.11485,42.300403,1758029
179,2019,Morus,,Ripe fruits,-79.93629464,40.46217708,1515689
179,2019,Morus,rubra,Ripe fruits,-71.10321522,42.38889685,1524224
178,2019,Morus,,Ripe fruits,-79.961215,40.458697,1757916
177,2019,Morus,,Ripe fruits,-79.96004,40.463821,1757884
176,2019,Morus,,Ripe fruits,-111.897494,40.75100449,1756990
176,2019,Morus,,Ripe fruits,-121.1492813,38.67611924,1757814
176,2019,Morus,,Ripe fruits,-79.963741,40.470189,1758028
175,2019,Morus,,Ripe fruits,-122.6192472,45.51134506,1720670
175,2019,Morus,,Ripe fruits,-122.6192472,45.51134506,1720670
174,2019,Morus,nigra,Ripe fruits,-94.795992,38.872849,1757776
174,2019,Morus,nigra,Ripe fruits,-94.79707,38.872886,1757775
174,2019,Morus,nigra,Ripe fruits,-94.795681,38.8728,1757777
174,2019,Morus,nigra,Ripe fruits,-94.788926,38.870399,1757780
174,2019,Morus,nigra,Ripe fruits,-94.788927,38.870233,1757779
174,2019,Morus,nigra,Ripe fruits,-94.788927,38.870233,1757779
174,2019,Morus,nigra,Ripe fruits,-94.793597,38.872521,1757778
174,2019,Morus,nigra,Ripe fruits,-94.785544,38.874782,1757781
174,2019,Morus,alba,Ripe fruits,-72.924405,41.321652,634679
173,2019,Morus,nigra,Ripe fruits,-88.83600863,41.1094414,1757753
173,2019,Morus,nigra,Ripe fruits,-94.795231,38.867849,1757754
173,2019,Morus,rubra,Ripe fruits,-72.928195,41.318468,1757766
173,2019,Morus,alba,Ripe fruits,-72.937472,41.284361,633946
172,2019,Morus,nigra,Ripe fruits,-76.5261754,39.1461829,1757705
172,2019,Morus,nigra,Ripe fruits,-79.9776346,40.4213012,1757703
172,2019,Morus,nigra,Ripe fruits,-111.8528912,40.70806449,1757709
171,2019,Morus,nigra,Ripe fruits,-73.98283917,40.72425243,1757676
171,2019,Morus,nigra,Ripe fruits,-0.876905,45.83069,1757711
169,2019,Morus,rubra,Ripe fruits,-75.461129,40.12085,1757644
168,2019,Morus,nigra,Ripe fruits,-73.987813,41.975596,1718657
168,2019,Morus,rubra,Ripe fruits,-73.987813,41.975596,1718657
168,2019,Morus,nigra,Ripe fruits,-94.795231,38.867849,1757754
168,2019,Morus,,Ripe fruits,-73.985972,40.699767,1757811
165,2019,Morus,nigra,Ripe fruits,19.042901,47.492586,1761335
164,2019,Morus,nigra,Ripe fruits,4.877327,45.768461,1758075
164,2019,Morus,,Ripe fruits,-73.985256,40.699613,1757589
162,2019,Morus,,Ripe fruits,-92.316953,38.935355,1757551
162,2019,Morus,,Ripe fruits,-92.355231,38.958628,1757552
162,2019,Morus,rubra,Ripe fruits,-92.302361,38.952733,1591820
161,2019,Morus,nigra,Ripe fruits,-79.99433482,40.44652335,1757484
160,2019,Morus,,Ripe fruits,-96.663467,40.761363,1757495
159,2019,Morus,,Ripe fruits,-84.487619,39.116732,1757465
159,2019,Morus,,Ripe fruits,-77.071189,38.69097,1757498
158,2019,Morus,alba,Ripe fruits,-77.029846,38.952155,1757448
158,2019,Morus,,Ripe fruits,-77.029337,38.941981,1757445
156,2019,Morus,,Ripe fruits,-73.994667,40.715651,1757430
155,2019,Morus,alba,Ripe fruits,13.205428,45.836231,1757405
155,2019,Morus,nigra,Ripe fruits,-75.21946233,39.94463123,1757402
154,2019,Morus,australis,Ripe fruits,-0.649545,44.80868,1821217
154,2019,Morus,,Ripe fruits,-91.74923143,35.25209669,1757397
154,2019,Morus,rubra,Ripe fruits,-75.519987,40.134226,1757411
154,2019,Morus,rubra,Ripe fruits,-75.519987,40.134226,1757411
153,2019,Morus,,Ripe fruits,-77.144249,39.143157,1757550
152,2019,Morus,rubra,Ripe fruits,-75.431083,40.072119,1757645
150,2019,Morus,nigra,Ripe fruits,-85.850458,38.111261,1757340
150,2019,Morus,rubra,Ripe fruits,-85.850458,38.111261,1757340
150,2019,Morus,alba,Ripe fruits,4.873287,45.772747,1758076
148,2019,Morus,,Ripe fruits,-78.688082,35.784266,1757392
148,2019,Morus,,Ripe fruits,-78.688076,35.783925,1757393
148,2019,Morus,,Ripe fruits,-78.688076,35.783925,1757393
147,2019,Morus,alba,Ripe fruits,34.808249,32.06517,1757243
143,2019,Morus,alba,Ripe fruits,-78.626316,35.673528,1757213
143,2019,Morus,rubra,Ripe fruits,-83.636804,32.622405,1757870
143,2019,Morus,,Ripe fruits,-78.691698,35.757,1761686
142,2019,Morus,,Ripe fruits,-85.754861,38.244609,1757187
141,2019,Morus,,Ripe fruits,-78.688076,35.783925,1757393
140,2019,Morus,rubra,Ripe fruits,-85.777538,38.183042,1757178
139,2019,Morus,,Ripe fruits,-77.465178,37.540957,1757146
139,2019,Morus,,Ripe fruits,-77.46718794,37.54126177,666227
133,2019,Morus,nigra,Ripe fruits,-77.411326,37.533591,1757073
127,2019,Morus,,Ripe fruits,-82.56234828,27.38043098,1757031
110,2019,Morus,,Ripe fruits,-95.1894454,29.98805739,1756845
91,2019,Morus,nigra,Ripe fruits,-82.56223092,27.38562368,1756669
82,2019,Morus,,Ripe fruits,-95.451579,29.765309,1757377
339,2018,Morus,nigra,Ripe fruits,-73.69961,45.563128,1755950
318,2018,Morus,nigra,Ripe fruits,-56.392375,-34.446576,1755621
318,2018,Morus,,Ripe fruits,115.834482,-32.02515997,659884
314,2018,Morus,rubra,Ripe fruits,150.66906,-33.75852,1755580
309,2018,Morus,nigra,Ripe fruits,-111.8695132,40.76171215,1755521
306,2018,Morus,nigra,Ripe fruits,151.253608,-33.902842,1755375
306,2018,Morus,nigra,Ripe fruits,151.256416,-33.901205,1755501
306,2018,Morus,nigra,Ripe fruits,151.256568,-33.902752,1755500
306,2018,Morus,alba,Ripe fruits,151.251575,-33.917905,1755523
295,2018,Morus,nigra,Ripe fruits,151.256286,-33.909009,1755428
292,2018,Morus,nigra,Ripe fruits,151.253608,-33.902842,1755375
287,2018,Morus,,Ripe fruits,151.16063,-33.878513,1755311
279,2018,Morus,nigra,Ripe fruits,115.8099575,-31.929246,1755200
275,2018,Morus,nigra,Ripe fruits,151.267022,-33.895746,1755231
271,2018,Morus,alba,Ripe fruits,151.225783,-33.90749,1754880
266,2018,Morus,,Ripe fruits,115.836185,-32.027763,1754786
266,2018,Morus,rubra,Ripe fruits,115.831016,-32.025635,1754788
266,2018,Morus,rubra,Ripe fruits,115.834612,-32.022385,570024
265,2018,Morus,nigra,Ripe fruits,-0.125897,51.550313,1754779
265,2018,Morus,nigra,Ripe fruits,-0.125897,51.550313,1754779
261,2018,Morus,,Ripe fruits,152.760581,-27.62143,1754641
237,2018,Morus,nigra,Ripe fruits,-1.641745,48.096266,1761348
236,2018,Morus,,Ripe fruits,2.135763,48.766984,1719674
229,2018,Morus,nigra,Ripe fruits,-86.250023,41.688822,1760371
203,2018,Morus,,Ripe fruits,-88.985278,42.338146,1722072
203,2018,Morus,rubra,Ripe fruits,-87.626968,41.857569,1523325
202,2018,Morus,,Ripe fruits,-72.798666,40.870783,1722070
201,2018,Morus,nigra,Ripe fruits,-111.834893,40.766717,1722193
201,2018,Morus,,Ripe fruits,-90.348762,38.454513,1722313
200,2018,Morus,nigra,Ripe fruits,-87.599769,41.795882,1722015
200,2018,Morus,,Ripe fruits,-87.688022,41.651303,1721969
198,2018,Morus,nigra,Ripe fruits,-87.693772,41.705985,1722101
198,2018,Morus,,Ripe fruits,-87.786872,41.66093,1721968
198,2018,Morus,,Ripe fruits,-87.688022,41.651303,1721969
198,2018,Morus,nigra,Ripe fruits,4.868881,45.743302,1722629
197,2018,Morus,,Ripe fruits,-87.684717,41.728376,1721957
196,2018,Morus,nigra,Ripe fruits,-87.955856,42.279055,1721964
196,2018,Morus,,Ripe fruits,-73.963459,40.682488,1754889
192,2018,Morus,,Ripe fruits,-84.551426,42.733799,1721871
192,2018,Morus,,Ripe fruits,-84.416628,33.825034,1722225
191,2018,Morus,nigra,Ripe fruits,-77.543365,43.149192,1722521
191,2018,Morus,nigra,Ripe fruits,-85.56985321,42.22970196,1721835
190,2018,Morus,alba,Ripe fruits,-88.156178,41.770999,1721849
187,2018,Morus,,Ripe fruits,-85.69116823,42.95645804,1721748
185,2018,Morus,,Ripe fruits,-87.595064,41.778655,1721667
185,2018,Morus,alba,Ripe fruits,-87.587911,41.778895,1722014
185,2018,Morus,nigra,Ripe fruits,-87.587911,41.778895,1722014
185,2018,Morus,nigra,Ripe fruits,-87.58290052,41.78644105,606647
183,2018,Morus,,Ripe fruits,-73.81005535,42.26001724,1721644
183,2018,Morus,,Ripe fruits,-79.283742,43.692883,1721826
181,2018,Morus,nigra,Ripe fruits,-73.77998471,41.02012733,1721615
180,2018,Morus,nigra,Ripe fruits,-93.74719973,41.6120108,1721585
179,2018,Morus,,Ripe fruits,-71.07399699,42.35147991,1721576
179,2018,Morus,,Ripe fruits,-72.891884,41.365452,1722238
178,2018,Morus,rubra,Ripe fruits,-71.095758,42.388277,1721529
178,2018,Morus,nigra,Ripe fruits,-95.956175,41.302672,1721534
178,2018,Morus,nigra,Ripe fruits,-71.110825,42.381792,1721537
178,2018,Morus,nigra,Ripe fruits,-95.956349,41.306137,1721535
178,2018,Morus,,Ripe fruits,4.338548,50.82215,1721612
177,2018,Morus,,Ripe fruits,-87.60832668,41.83126213,1721505
177,2018,Morus,nigra,Ripe fruits,-87.60833315,41.83128921,1721506
176,2018,Morus,nigra,Ripe fruits,-83.66597545,41.59554635,1721503
176,2018,Morus,,Ripe fruits,-89.29897785,43.13579362,606363
175,2018,Morus,,Ripe fruits,-79.330291,43.669843,1721504
175,2018,Morus,nigra,Ripe fruits,-88.047834,43.016044,1721526
175,2018,Morus,,Ripe fruits,-89.3584156,43.0878209,606487
175,2018,Morus,,Ripe fruits,-89.35828418,43.08845752,666771
175,2018,Morus,nigra,Ripe fruits,-89.35828418,43.08845752,666771
174,2018,Morus,,Ripe fruits,-94.544838,38.826822,1721488
174,2018,Morus,,Ripe fruits,-94.544838,38.826822,1721488
174,2018,Morus,,Ripe fruits,-94.54592,38.826706,1721489
173,2018,Morus,,Ripe fruits,-89.350605,43.106607,1721453
173,2018,Morus,,Ripe fruits,-80.486407,43.43371,1721450
172,2018,Morus,,Ripe fruits,-80.486315,43.434923,1721451
172,2018,Morus,,Ripe fruits,-84.728279,39.520893,1721452
172,2018,Morus,alba,Ripe fruits,-94.519721,38.874402,1721490
171,2018,Morus,,Ripe fruits,21.03524148,52.16576265,1074206
170,2018,Morus,,Ripe fruits,-85.683894,42.989983,1721389
170,2018,Morus,macroura,Ripe fruits,-73.423816,41.104941,1721407
170,2018,Morus,,Ripe fruits,-73.423816,41.104941,1721407
170,2018,Morus,rubra,Ripe fruits,-85.771535,41.325499,1721591
169,2018,Morus,nigra,Ripe fruits,-73.92752724,40.77697206,1721355
169,2018,Morus,alba,Ripe fruits,-73.92712088,40.77709427,1721356
168,2018,Morus,nigra,Ripe fruits,-93.76001714,41.59370247,1721331
168,2018,Morus,nigra,Ripe fruits,-93.76006804,41.59410448,1721332
168,2018,Morus,,Ripe fruits,-93.76000729,41.59416658,1721333
168,2018,Morus,nigra,Ripe fruits,-78.496695,38.03691,1721339
167,2018,Morus,alba,Ripe fruits,4.983193,46.280243,1721319
166,2018,Morus,alba,Ripe fruits,-74.1191465,40.90768562,1721304
166,2018,Morus,,Ripe fruits,-73.677748,42.736122,1721325
165,2018,Morus,alba,Ripe fruits,-71.12589464,42.3726826,1721279
165,2018,Morus,,Ripe fruits,20.949866,52.277982,1721300
165,2018,Morus,,Ripe fruits,20.949662,52.277674,1721301
164,2018,Morus,nigra,Ripe fruits,-73.98393227,40.72984087,1721269
164,2018,Morus,nigra,Ripe fruits,-73.98393227,40.72984087,1721269
164,2018,Morus,nigra,Ripe fruits,-73.98445846,40.72902449,1721268
163,2018,Morus,alba,Ripe fruits,-76.624553,39.336632,1721253
163,2018,Morus,nigra,Ripe fruits,-119.208272,46.234547,1721256
163,2018,Morus,nigra,Ripe fruits,-119.255996,46.255031,1721262
162,2018,Morus,,Ripe fruits,-112.480295,34.536222,1721234
162,2018,Morus,nigra,Ripe fruits,-74.071254,40.794966,1721226
161,2018,Morus,nigra,Ripe fruits,-122.2299438,40.17421913,1721209
160,2018,Morus,,Ripe fruits,-85.594874,39.880099,1721201
160,2018,Morus,,Ripe fruits,-85.593176,39.880074,1721202
160,2018,Morus,,Ripe fruits,-85.5911,39.877689,1721203
160,2018,Morus,,Ripe fruits,-85.591175,39.875048,1721204
160,2018,Morus,rubra,Ripe fruits,-77.462465,37.682496,1721508
159,2018,Morus,nigra,Ripe fruits,-93.770206,41.60092,1721147
159,2018,Morus,,Ripe fruits,-78.493259,38.091286,1721232
158,2018,Morus,,Ripe fruits,-86.888314,40.413641,1721146
158,2018,Morus,nigra,Ripe fruits,-93.770206,41.60092,1721147
158,2018,Morus,nigra,Ripe fruits,-93.770206,41.60092,1721147
157,2018,Morus,,Ripe fruits,-86.892458,40.424337,1721134
156,2018,Morus,nigra,Ripe fruits,-93.7152112,41.5910923,1721108
155,2018,Morus,macroura,Ripe fruits,-85.62054,38.283627,1721208
155,2018,Morus,,Ripe fruits,-85.629424,38.286086,1721207
154,2018,Morus,,Ripe fruits,-79.055353,35.919132,1721049
154,2018,Morus,,Ripe fruits,-77.206967,39.016905,1757350
152,2018,Morus,alba,Ripe fruits,-79.888544,40.425813,1721043
150,2018,Morus,nigra,Ripe fruits,-79.07138,35.910844,1720973
148,2018,Morus,rubra,Ripe fruits,-84.461942,39.145217,1720976
145,2018,Morus,alba,Ripe fruits,-80.843867,35.189577,1720907
145,2018,Morus,,Ripe fruits,-84.365125,33.742592,1721192
127,2018,Morus,nigra,Ripe fruits,-86.805462,33.4912,1720683
126,2018,Morus,,Ripe fruits,-121.881058,37.34922,1720675
116,2018,Morus,nigra,Ripe fruits,-90.734518,29.63038,1720569
98,2018,Morus,,Ripe fruits,-95.430089,29.791736,1720378
98,2018,Morus,rubra,Ripe fruits,-84.28425,30.435784,1720521
90,2018,Morus,nigra,Ripe fruits,127.6898625,26.21550607,1720330
90,2018,Morus,nigra,Ripe fruits,-81.320334,28.552293,1720374
57,2018,Morus,,Ripe fruits,-90.225524,38.599425,1720119
28,2018,Morus,,Ripe fruits,147.319121,-42.855585,592138
28,2018,Morus,,Ripe fruits,147.319121,-42.855585,592138
15,2018,Morus,,Ripe fruits,147.125166,-41.405756,1719806
322,2017,Morus,nigra,Ripe fruits,-70.581182,-33.542736,1719352
322,2017,Morus,nigra,Ripe fruits,-70.544725,-33.399855,1719353
301,2017,Morus,,Ripe fruits,151.13836,-33.929536,1719075
270,2017,Morus,nigra,Ripe fruits,-77.009218,38.965622,1718513
266,2017,Morus,,Ripe fruits,2.135763,48.766984,1719674
264,2017,Morus,,Ripe fruits,-122.6468621,45.55312453,1718079
221,2017,Morus,nigra,Ripe fruits,3.223995,48.418264,1592238
212,2017,Morus,nigra,Ripe fruits,6.459876,46.47858,1592066
211,2017,Morus,,Ripe fruits,-122.6717533,38.34070215,804789
207,2017,Morus,australis,Ripe fruits,1.446311,43.552327,1591994
203,2017,Morus,nigra,Ripe fruits,-87.595157,41.781923,1591848
192,2017,Morus,,Ripe fruits,-122.165743,37.421934,1591652
190,2017,Morus,alba,Ripe fruits,-71.141126,42.398088,1591630
189,2017,Morus,alba,Ripe fruits,-81.357019,41.665199,1591612
189,2017,Morus,,Ripe fruits,-71.103725,42.288435,1591102
189,2017,Morus,alba,Ripe fruits,-71.103784,42.332685,1591615
187,2017,Morus,,Ripe fruits,-86.179121,42.774098,1591575
185,2017,Morus,nigra,Ripe fruits,-71.141411,42.396944,1591668
185,2017,Morus,nigra,Ripe fruits,-71.141411,42.396944,1591668
184,2017,Morus,,Ripe fruits,-85.762281,39.783633,1591497
184,2017,Morus,,Ripe fruits,-85.738176,39.78482,1591516
184,2017,Morus,,Ripe fruits,-85.739689,39.78475,1591517
184,2017,Morus,,Ripe fruits,-85.744174,39.784528,1591518
183,2017,Morus,nigra,Ripe fruits,1.338015,43.466407,1591471
183,2017,Morus,alba,Ripe fruits,-71.105495,42.304995,1067930
181,2017,Morus,,Ripe fruits,-85.750228,39.784107,1591455
181,2017,Morus,,Ripe fruits,-85.750362,39.784093,1591456
181,2017,Morus,,Ripe fruits,-85.75059,39.784087,1591457
181,2017,Morus,,Ripe fruits,-85.750834,39.784062,1591458
179,2017,Morus,,Ripe fruits,-86.808579,36.138221,1591597
178,2017,Morus,,Ripe fruits,-91.7687576,42.0891597,1591378
178,2017,Morus,,Ripe fruits,-91.7687576,42.0891597,1591378
178,2017,Morus,alba,Ripe fruits,-81.756131,41.365869,1591395
178,2017,Morus,,Ripe fruits,-87.689486,41.928152,1591389
178,2017,Morus,alba,Ripe fruits,-87.910178,41.923199,1591412
178,2017,Morus,nigra,Ripe fruits,-93.606735,40.825614,1591372
178,2017,Morus,,Ripe fruits,-91.7724554,42.0858119,1591375
178,2017,Morus,,Ripe fruits,-91.7724554,42.0858119,1591376
178,2017,Morus,,Ripe fruits,-91.7724554,42.0858119,1591377
177,2017,Morus,nigra,Ripe fruits,-0.988297,45.589666,1591320
177,2017,Morus,,Ripe fruits,-73.855659,40.734182,1591345
177,2017,Morus,,Ripe fruits,-85.879861,39.727596,1591348
177,2017,Morus,,Ripe fruits,-85.879397,39.727761,1591350
177,2017,Morus,,Ripe fruits,-85.880478,39.72762,1591346
175,2017,Morus,rubra,Ripe fruits,-81.285267,41.759672,1591233
175,2017,Morus,alba,Ripe fruits,-81.285267,41.759672,1591233
175,2017,Morus,,Ripe fruits,-85.602599,39.880246,1591252
175,2017,Morus,nigra,Ripe fruits,-1.944572,46.697512,1591371
174,2017,Morus,nigra,Ripe fruits,-77.616075,43.133768,1591173
174,2017,Morus,nigra,Ripe fruits,-1.166163,46.139373,1591176
173,2017,Morus,nigra,Ripe fruits,-77.597251,43.154205,1591156
172,2017,Morus,,Ripe fruits,22.936503,40.645634,1591166
171,2017,Morus,,Ripe fruits,-91.5780711,42.0106204,1591128
171,2017,Morus,nigra,Ripe fruits,-73.84981,40.75083,1591134
170,2017,Morus,,Ripe fruits,-87.684242,42.031644,1591125
169,2017,Morus,nigra,Ripe fruits,-74.04656842,40.28017205,1591109
169,2017,Morus,nigra,Ripe fruits,-1.19777,44.648372,1591111
168,2017,Morus,,Ripe fruits,-87.635515,41.874562,1591138
166,2017,Morus,,Ripe fruits,1.468531,43.555045,1717839
166,2017,Morus,alba,Ripe fruits,3.733292,43.891212,1591189
166,2017,Morus,alba,Ripe fruits,3.733635,43.891531,1591190
166,2017,Morus,nigra,Ripe fruits,-93.35546,44.858677,1591081
166,2017,Morus,nigra,Ripe fruits,-75.524435,40.244879,1592255
165,2017,Morus,,Ripe fruits,-85.751874,38.236472,1591139
164,2017,Morus,,Ripe fruits,-75.246834,39.962914,1591051
164,2017,Morus,,Ripe fruits,-73.93514,40.696368,1591054
164,2017,Morus,,Ripe fruits,-87.658134,41.90364,1591065
163,2017,Morus,nigra,Ripe fruits,-73.861681,40.900146,1591057
163,2017,Morus,nigra,Ripe fruits,-73.862677,40.896602,1591058
162,2017,Morus,nigra,Ripe fruits,4.829671,45.735047,1719549
162,2017,Morus,nigra,Ripe fruits,-1.19876,44.647055,1591017
162,2017,Morus,nigra,Ripe fruits,-84.363155,33.74104,1591079
160,2017,Morus,,Ripe fruits,-75.891422,40.32784,1591005
159,2017,Morus,,Ripe fruits,-97.613579,38.866352,1591113
158,2017,Morus,nigra,Ripe fruits,-85.68455377,38.2503762,1590953
156,2017,Morus,,Ripe fruits,-82.987728,40.07529,1590948
155,2017,Morus,,Ripe fruits,-82.948341,39.970522,1590962
155,2017,Morus,,Ripe fruits,-82.948542,39.970302,1590963
154,2017,Morus,nigra,Ripe fruits,-77.04352202,39.05218365,1590912
154,2017,Morus,,Ripe fruits,-82.946316,39.961592,1590965
153,2017,Morus,,Ripe fruits,-75.08989,39.914318,1591052
152,2017,Morus,alba,Ripe fruits,-77.03920948,38.93593742,1591152
152,2017,Morus,rubra,Ripe fruits,-77.45376348,37.54201145,1069100
148,2017,Morus,,Ripe fruits,-88.250583,40.054412,1590809
143,2017,Morus,,Ripe fruits,-76.998542,38.9022,1590765
143,2017,Morus,nigra,Ripe fruits,-76.997485,38.901841,1590767
143,2017,Morus,,Ripe fruits,-79.934791,37.261383,1590932
142,2017,Morus,,Ripe fruits,-86.536789,39.164764,1575
142,2017,Morus,,Ripe fruits,-77.445986,37.534415,1591120
140,2017,Morus,,Ripe fruits,22.947231,40.675579,1590762
131,2017,Morus,,Ripe fruits,-117.5843743,34.13615562,1582559
123,2017,Morus,rubra,Ripe fruits,34.839841,32.068156,1582563
122,2017,Morus,nigra,Ripe fruits,-97.505215,35.466263,1582474
121,2017,Morus,nigra,Ripe fruits,-97.512519,35.470937,1582462
117,2017,Morus,alba,Ripe fruits,34.843676,32.071225,1582564
116,2017,Morus,nigra,Ripe fruits,-97.508675,35.46864,1582406
97,2017,Morus,nigra,Ripe fruits,-77.569318,43.140033,1591519
95,2017,Morus,alba,Ripe fruits,-97.74897023,30.24766833,1524678
94,2017,Morus,alba,Ripe fruits,-90.227228,29.961127,1592247
94,2017,Morus,nigra,Ripe fruits,-90.227228,29.961127,1592247
354,2016,Morus,nigra,Ripe fruits,-70.580357,-33.540504,1523409
335,2016,Morus,nigra,Ripe fruits,-70.583904,-33.522823,1523295
334,2016,Morus,nigra,Ripe fruits,-70.579251,-33.404123,1523258
334,2016,Morus,nigra,Ripe fruits,-70.584747,-33.539814,1523259
334,2016,Morus,nigra,Ripe fruits,-70.566558,-33.408848,1523260
299,2016,Morus,alba,Ripe fruits,151.2471659,-33.93864679,1519736
279,2016,Morus,nigra,Ripe fruits,-66.33269,-33.304245,1519560
276,2016,Morus,,Ripe fruits,-89.655062,40.648702,1519499
276,2016,Morus,,Ripe fruits,-89.655998,40.651771,1519497
275,2016,Morus,,Ripe fruits,-89.681269,40.645632,1519493
275,2016,Morus,,Ripe fruits,133.861622,-23.703539,1519691
266,2016,Morus,nigra,Ripe fruits,-46.658552,-23.545957,1519467
263,2016,Morus,,Ripe fruits,-89.471588,43.043888,2845
259,2016,Morus,,Ripe fruits,152.960597,-27.54703,1517931
259,2016,Morus,,Ripe fruits,152.91158,-27.347372,1517929
259,2016,Morus,,Ripe fruits,152.874187,-27.376464,1517928
256,2016,Morus,nigra,Ripe fruits,-111.8871122,40.77281747,1517885
250,2016,Morus,nigra,Ripe fruits,115.8996052,-31.9991838,1517812
235,2016,Morus,,Ripe fruits,0.546849,48.516173,1517686
217,2016,Morus,,Ripe fruits,-74.02354,40.609245,1720859
216,2016,Morus,nigra,Ripe fruits,-83.65182867,42.45494092,1517110
214,2016,Morus,alba,Ripe fruits,-81.760766,41.365253,1517002
212,2016,Morus,,Ripe fruits,-0.187918,51.50347,1516514
206,2016,Morus,nigra,Ripe fruits,-83.781246,42.294148,1516879
204,2016,Morus,,Ripe fruits,-0.187918,51.50347,1516514
199,2016,Morus,,Ripe fruits,-1.655067,48.132897,1516689
199,2016,Morus,,Ripe fruits,-1.655067,48.132897,1516689
196,2016,Morus,,Ripe fruits,-89.367552,43.077893,1516491
195,2016,Morus,,Ripe fruits,-87.701312,41.903034,1517295
189,2016,Morus,,Ripe fruits,-89.36624211,43.08045106,1516158
187,2016,Morus,nigra,Ripe fruits,-122.645429,45.527625,1516141
186,2016,Morus,alba,Ripe fruits,-81.774829,41.372109,1516079
185,2016,Morus,nigra,Ripe fruits,-88.33443825,42.2469129,1516041
183,2016,Morus,rubra,Ripe fruits,-87.533782,41.503501,1516751
182,2016,Morus,,Ripe fruits,-79.091937,43.836003,1515988
181,2016,Morus,alba,Ripe fruits,-104.702004,40.408017,1515989
180,2016,Morus,,Ripe fruits,-89.342751,43.105324,2820
180,2016,Morus,nigra,Ripe fruits,-104.701529,40.406573,1515991
179,2016,Morus,alba,Ripe fruits,-89.36492455,43.0796293,1515917
179,2016,Morus,nigra,Ripe fruits,-87.673773,41.939773,1517095
178,2016,Morus,rubra,Ripe fruits,-88.007698,42.159015,1516013
175,2016,Morus,nigra,Ripe fruits,-104.702713,40.406559,1515785
175,2016,Morus,nigra,Ripe fruits,-104.705385,40.405303,1515856
175,2016,Morus,nigra,Ripe fruits,-104.705385,40.405303,1515856
174,2016,Morus,,Ripe fruits,-79.93376881,43.25587538,1066041
174,2016,Morus,,Ripe fruits,-79.860699,40.346679,1515780
174,2016,Morus,,Ripe fruits,-79.861016,40.346409,1515781
174,2016,Morus,nigra,Ripe fruits,-104.702713,40.406559,1515785
171,2016,Morus,nigra,Ripe fruits,-83.07414468,42.36008634,1515726
171,2016,Morus,nigra,Ripe fruits,-83.07922252,42.36295982,1515727
171,2016,Morus,nigra,Ripe fruits,-83.07922252,42.36295982,1515728
171,2016,Morus,nigra,Ripe fruits,-83.08265153,42.36330069,1515731
171,2016,Morus,nigra,Ripe fruits,-83.74080613,42.28797631,1515734
170,2016,Morus,nigra,Ripe fruits,-87.578909,41.795577,1515733
170,2016,Morus,rubra,Ripe fruits,-81.794012,41.376114,1515715
168,2016,Morus,nigra,Ripe fruits,-87.80812,41.868682,1515683
168,2016,Morus,,Ripe fruits,-79.93629464,40.46217708,1515689
167,2016,Morus,alba,Ripe fruits,-81.74828589,41.39531447,1064449
167,2016,Morus,,Ripe fruits,-87.703279,41.921388,1515648
167,2016,Morus,alba,Ripe fruits,-75.216962,39.949984,1515751
166,2016,Morus,nigra,Ripe fruits,-85.932899,39.731641,1515720
166,2016,Morus,nigra,Ripe fruits,-85.972513,39.651822,1515721
156,2016,Morus,,Ripe fruits,-76.617246,39.307082,1515248
156,2016,Morus,,Ripe fruits,-76.621186,39.296413,1515251
151,2016,Morus,,Ripe fruits,-86.543144,39.171516,1515242
151,2016,Morus,,Ripe fruits,-86.542527,39.171847,1515243
150,2016,Morus,rubra,Ripe fruits,5.729298,45.183137,1515475
150,2016,Morus,alba,Ripe fruits,22.94548,40.676467,1515233
150,2016,Morus,,Ripe fruits,-94.212358,36.084313,1516404
136,2016,Morus,,Ripe fruits,-84.321175,30.45863,1244
117,2016,Morus,,Ripe fruits,-122.296988,40.452695,1517197
85,2016,Morus,rubra,Ripe fruits,-87.93416262,42.19966471,1073941
80,2016,Morus,,Ripe fruits,-84.32395693,30.47813657,1073910
291,2015,Morus,nigra,Ripe fruits,151.1698165,-33.83938643,1067763
253,2015,Morus,nigra,Ripe fruits,19.9799332,50.08447011,1065933
214,2015,Morus,nigra,Ripe fruits,-88.14771772,41.74850286,1065529
193,2015,Morus,,Ripe fruits,-74.65866566,40.46452544,1065421
191,2015,Morus,rubra,Ripe fruits,-77.86464897,40.79938397,1065096
186,2015,Morus,alba,Ripe fruits,-81.74828589,41.39531447,1064449
183,2015,Morus,,Ripe fruits,-89.38697124,43.07868491,1066018
182,2015,Morus,,Ripe fruits,-95.44896371,41.19639591,1064382
182,2015,Morus,nigra,Ripe fruits,-76.39620066,36.98307479,1067958
181,2015,Morus,rubra,Ripe fruits,-81.75046116,41.39652574,1063975
180,2015,Morus,nigra,Ripe fruits,-71.16640722,42.27653885,1064364
179,2015,Morus,,Ripe fruits,-78.48693699,38.03567648,666772
179,2015,Morus,,Ripe fruits,-78.496266,38.040649,1064356
178,2015,Morus,nigra,Ripe fruits,-83.727338,42.271706,1064378
177,2015,Morus,alba,Ripe fruits,-73.89064729,40.58153293,1064327
177,2015,Morus,nigra,Ripe fruits,-73.89063388,40.58145858,1064328
177,2015,Morus,nigra,Ripe fruits,-73.89064193,40.58124469,1064330
176,2015,Morus,,Ripe fruits,-84.34081391,42.70592143,1064135
175,2015,Morus,nigra,Ripe fruits,-87.79872122,41.92053592,1064278
175,2015,Morus,,Ripe fruits,-73.92710924,40.68857244,1064293
175,2015,Morus,nigra,Ripe fruits,-83.73104,42.276579,1064379
173,2015,Morus,,Ripe fruits,-93.6689249,42.02515135,1064109
173,2015,Morus,nigra,Ripe fruits,-87.695041,41.96136893,1064254
173,2015,Morus,,Ripe fruits,-93.60982294,42.03169438,1064265
173,2015,Morus,,Ripe fruits,-93.60982294,42.03169438,1064265
173,2015,Morus,nigra,Ripe fruits,-83.72719416,42.27192424,18640
171,2015,Morus,nigra,Ripe fruits,-82.47772162,38.40455767,1064361
171,2015,Morus,nigra,Ripe fruits,20.94331428,52.25826136,1065192
170,2015,Morus,alba,Ripe fruits,-71.10269488,42.36732236,592518
170,2015,Morus,rubra,Ripe fruits,-80.0366319,40.4865823,1064238
170,2015,Morus,rubra,Ripe fruits,-80.02563484,40.4651673,1064239
169,2015,Morus,nigra,Ripe fruits,-71.3968502,41.8192561,1064231
168,2015,Morus,nigra,Ripe fruits,-91.520554,41.646049,1064181
167,2015,Morus,nigra,Ripe fruits,-73.97239901,40.67416013,1064183
167,2015,Morus,nigra,Ripe fruits,-73.97075746,40.67521267,1064184
167,2015,Morus,,Ripe fruits,-77.16233286,38.92488535,1064226
166,2015,Morus,,Ripe fruits,-89.38847231,43.07812035,1064170
166,2015,Morus,nigra,Ripe fruits,-77.16535062,38.92687703,1064229
165,2015,Morus,rubra,Ripe fruits,-79.93023493,40.45280501,1064151
165,2015,Morus,,Ripe fruits,-90.26804341,38.65187558,1064152
165,2015,Morus,,Ripe fruits,-73.90274942,40.67781672,1064294
164,2015,Morus,rubra,Ripe fruits,-79.95110373,40.44271591,1064143
164,2015,Morus,rubra,Ripe fruits,-79.95107479,40.44260388,1064145
164,2015,Morus,rubra,Ripe fruits,-79.95140783,40.4434214,1064146
164,2015,Morus,rubra,Ripe fruits,-79.95125763,40.44304172,1064147
164,2015,Morus,rubra,Ripe fruits,-79.9513381,40.44324177,1064148
164,2015,Morus,,Ripe fruits,-73.6784636,42.7561337,1064149
164,2015,Morus,,Ripe fruits,-77.17118503,38.93053168,1064228
163,2015,Morus,,Ripe fruits,-77.04649359,38.90866558,1064230
163,2015,Morus,,Ripe fruits,-75.211421,39.961218,1515754
162,2015,Morus,rubra,Ripe fruits,-79.92291042,40.43953044,1064129
161,2015,Morus,rubra,Ripe fruits,-80.01508596,40.45291036,1064108
161,2015,Morus,alba,Ripe fruits,-80.01491638,40.45293986,1064110
161,2015,Morus,nigra,Ripe fruits,-73.9591568,40.6874941,1064127
161,2015,Morus,,Ripe fruits,-77.61670232,43.13887042,1064368
156,2015,Morus,nigra,Ripe fruits,34.81821924,32.07392239,1064085
155,2015,Morus,,Ripe fruits,-84.61717869,38.99900252,1064064
154,2015,Morus,rubra,Ripe fruits,-80.01421658,40.45053902,1064111
154,2015,Morus,,Ripe fruits,-85.04164964,41.08632373,1064063
152,2015,Morus,,Ripe fruits,-118.3518287,34.09424604,1064029
151,2015,Morus,rubra,Ripe fruits,-79.92492114,40.45064238,1064117
150,2015,Morus,rubra,Ripe fruits,-85.73445557,38.23227048,1064014
143,2015,Morus,nigra,Ripe fruits,34.781985,32.094466,595326
143,2015,Morus,nigra,Ripe fruits,34.77028012,32.08847402,1063979
96,2015,Morus,,Ripe fruits,-122.391322,40.594089,1517204
320,2014,Morus,nigra,Ripe fruits,-70.59499855,-33.4124592,1062422
259,2014,Morus,nigra,Ripe fruits,-74.191926,39.95247,1063490
206,2014,Morus,alba,Ripe fruits,-73.50777168,41.05994859,667107
206,2014,Morus,nigra,Ripe fruits,-89.320028,43.0982276,667103
203,2014,Morus,nigra,Ripe fruits,-94.02304052,44.16062593,667084
202,2014,Morus,nigra,Ripe fruits,-94.02136279,44.16340247,667085
197,2014,Morus,nigra,Ripe fruits,-94.00559931,44.17089675,667201
196,2014,Morus,,Ripe fruits,-83.37192088,42.36020977,666992
193,2014,Morus,,Ripe fruits,-73.973746,40.732157,1064590
193,2014,Morus,,Ripe fruits,-73.974207,40.733835,1064591
193,2014,Morus,nigra,Ripe fruits,-90.511575,40.554455,666950
192,2014,Morus,nigra,Ripe fruits,-73.50694315,41.05659165,666942
191,2014,Morus,nigra,Ripe fruits,-87.6786269,42.048372,667022
187,2014,Morus,nigra,Ripe fruits,-77.87680149,40.81423147,666900
185,2014,Morus,,Ripe fruits,-89.43180084,43.07954622,594087
185,2014,Morus,,Ripe fruits,-105.2523303,40.03641743,137818
184,2014,Morus,alba,Ripe fruits,-85.66472051,38.23812513,666844
184,2014,Morus,,Ripe fruits,-85.66472051,38.23812513,666844
183,2014,Morus,nigra,Ripe fruits,-83.9288023,42.6070627,666839
182,2014,Morus,nigra,Ripe fruits,-83.654496,43.077115,666841
181,2014,Morus,,Ripe fruits,-78.486076,38.03148606,666749
181,2014,Morus,,Ripe fruits,-88.28986812,41.83790753,666756
181,2014,Morus,,Ripe fruits,-78.48693699,38.03567648,666772
181,2014,Morus,nigra,Ripe fruits,-89.40424517,43.0652578,666770
181,2014,Morus,,Ripe fruits,-89.40424517,43.0652578,666770
181,2014,Morus,,Ripe fruits,-78.48519892,38.03154838,666750
180,2014,Morus,,Ripe fruits,-95.28054133,38.97064754,666746
180,2014,Morus,,Ripe fruits,-86.10749196,41.68528828,666736
180,2014,Morus,,Ripe fruits,-122.2749228,47.55269122,666766
179,2014,Morus,,Ripe fruits,-81.24749869,42.97968399,666731
179,2014,Morus,nigra,Ripe fruits,-79.91990948,40.47840313,666733
179,2014,Morus,,Ripe fruits,-91.56957247,41.64644014,666743
179,2014,Morus,alba,Ripe fruits,8.543750346,47.38933771,666732
179,2014,Morus,,Ripe fruits,-105.2726819,40.02062274,666827
179,2014,Morus,nigra,Ripe fruits,-79.94112757,40.45807177,666734
179,2014,Morus,alba,Ripe fruits,-105.237654,40.01457586,3344
179,2014,Morus,,Ripe fruits,-105.237654,40.01457586,3344
178,2014,Morus,,Ripe fruits,-1.652433872,48.12661288,666849
178,2014,Morus,nigra,Ripe fruits,-79.93960675,40.4597633,666719
178,2014,Morus,nigra,Ripe fruits,-72.9677285,40.8003885,666725
177,2014,Morus,,Ripe fruits,-105.141603,39.98021,666762
177,2014,Morus,,Ripe fruits,-81.2510553,42.97641473,666693
176,2014,Morus,rubra,Ripe fruits,-84.50077,38.055353,666691
176,2014,Morus,nigra,Ripe fruits,-77.19252706,40.20775818,666705
175,2014,Morus,nigra,Ripe fruits,-79.92878,40.43288,666684
174,2014,Morus,nigra,Ripe fruits,-87.67555073,41.86929917,666671
173,2014,Morus,nigra,Ripe fruits,-77.19341755,40.20793434,666653
172,2014,Morus,nigra,Ripe fruits,-77.19250292,40.20794049,666651
171,2014,Morus,rubra,Ripe fruits,-89.81043756,43.57030966,666662
170,2014,Morus,,Ripe fruits,-90.48166037,38.5450943,666665
170,2014,Morus,,Ripe fruits,-105.283958,40.016914,3277
170,2014,Morus,alba,Ripe fruits,-105.26319,40.0406,3383
170,2014,Morus,,Ripe fruits,-105.26319,40.0406,3383
169,2014,Morus,nigra,Ripe fruits,-81.09470494,41.28410195,666548
167,2014,Morus,,Ripe fruits,-83.00663888,40.00783084,666527
167,2014,Morus,,Ripe fruits,-82.90577297,40.10215932,666531
165,2014,Morus,,Ripe fruits,-89.471588,43.043888,2845
164,2014,Morus,nigra,Ripe fruits,-105.0569573,39.78378546,666476
164,2014,Morus,nigra,Ripe fruits,-119.2689085,46.29305941,666454
164,2014,Morus,nigra,Ripe fruits,-79.99448885,40.43136961,666722
160,2014,Morus,,Ripe fruits,-85.793246,38.224903,666354
160,2014,Morus,,Ripe fruits,-92.29416847,38.97967854,666360
160,2014,Morus,,Ripe fruits,-77.48431921,37.5402473,666459
159,2014,Morus,,Ripe fruits,-86.54253776,39.17670993,666345
159,2014,Morus,nigra,Ripe fruits,-76.98326111,38.9474027,666346
159,2014,Morus,,Ripe fruits,-77.46850491,37.55765731,666344
151,2014,Morus,nigra,Ripe fruits,-119.2521876,46.24508175,666297
151,2014,Morus,nigra,Ripe fruits,-119.286418,46.25603969,666455
151,2014,Morus,,Ripe fruits,-77.46822596,37.54369262,666295
146,2014,Morus,rubra,Ripe fruits,-85.7963562,38.27130717,666276
146,2014,Morus,rubra,Ripe fruits,-85.78073502,38.26699443,666275
145,2014,Morus,nigra,Ripe fruits,34.82337981,32.05353532,666288
144,2014,Morus,rubra,Ripe fruits,-86.74884081,36.17775644,666293
142,2014,Morus,,Ripe fruits,-77.4469963,37.5820031,666239
141,2014,Morus,,Ripe fruits,-77.46718794,37.54126177,666227
140,2014,Morus,,Ripe fruits,-77.44271815,37.52611981,666233
139,2014,Morus,,Ripe fruits,-97.81069994,32.76165069,666218
136,2014,Morus,nigra,Ripe fruits,-97.12344229,31.55842619,1064083
122,2014,Morus,nigra,Ripe fruits,-82.43451834,28.02278499,666033
122,2014,Morus,nigra,Ripe fruits,-82.43249327,28.02354267,666035
122,2014,Morus,nigra,Ripe fruits,-82.4327977,28.02344322,666036
119,2014,Morus,nigra,Ripe fruits,-90.03731489,29.96012953,666017
112,2014,Morus,,Ripe fruits,-90.09031534,30.00166214,665967
111,2014,Morus,nigra,Ripe fruits,-119.7056455,36.72624636,665951
111,2014,Morus,nigra,Ripe fruits,-119.8461933,36.72662473,665950
96,2014,Morus,nigra,Ripe fruits,77.1209145,28.6415294,665843
12,2014,Morus,,Ripe fruits,153.5003236,-28.55956312,1062675
171,2000,Morus,nigra,Ripe fruits,13.201897,45.951493,1757391
